Embroidered Bollywood Chanderi  Cotton Silk Saree,404
Embroidered Bollywood Chanderi  Cotton Silk Saree,387
,226
Embroidered Bollywood Chiffon Saree,226
Printed Bollywood Cotton Silk Saree,262
Embroidered Bollywood Georgette Saree,294
Printed Daily Wear Crepe Saree,399
Embroidered Bollywood Chanderi  Cotton Silk Saree,425
Polka Print  Self Design Bandhani Georgette Saree,336
Floral Print Bollywood Georgette Saree,269
Woven Bollywood Linen Saree,419
,499
Floral Print  Geometric Print, Printed Daily Wear Georg...,269
Printed Daily Wear Crepe Saree,399
Printed Daily Wear Georgette Saree,444
,269
Printed Daily Wear Chiffon Saree,399
Embroidered Bollywood Chiffon Saree,244
,449
Self Design  Paisley, Digital Print, Blocked Printed, W...,289
Printed  Geometric Print, Embellished Bhagalpuri Silk B...,269
Floral Print Bollywood Lycra Blend Saree,264
Printed Daily Wear Chiffon Saree,399
Embroidered Bollywood Chiffon Saree,265
Self Design Bollywood Net Saree,292
Self Design Banarasi Jacquard Saree,404
Printed Daily Wear Chiffon Saree,399
Embroidered Daily Wear Net Saree,499
Printed Bollywood Art Silk Saree,268
